
INSERT INTO `user` (`id`, `lid`, `name`, `email`, `phone`, `password`, `role`, `status`, `resetPasswordToken`, `resetPasswordExpire`) VALUES
(1, '4968385e-97e5-54bc-a178-8577b219c8c0', 'Sanchir', 'san0925@yahoo.com', '99111111', '$2b$08$frGG2SNLfLBiTwfNoy5V1uuCblpHraPXpSxaN/k6OecL.6mMrr4H.', 'admin', 'active', 'undefined', '2024-01-11 05:58:22'),
(2, '7954f94f-807e-57a5-bd31-c1d76ad4ab98', 'Boldoo', 'bold@gmial.com', '99222222', '$2b$08$iMdi56VDExPeiFCFrOdOaeVVQ5PwJlc1pTyWCgPAi6818LJFhLdSS', 'user', 'active', 'undefined', '2024-01-11 06:16:17'),
(3, '8e14ac36-1e53-558a-acc3-2b6374324ac4', 'Coder', 'coder@yahoo.com', '99737003', '$2b$08$rK4kvhB/aqH/KAT6r9jUt.wnhjGiJkIXBSTrnPv2pkIl9yGN5a6ne', 'user', 'active', 'undefined', '2024-01-11 07:06:47'),
(4, '9cabf5d7-2ce6-5cb6-a5ee-9c28fbb52001', 'amaraa', 'amaraa@gmail.com', '91234567', '$2b$08$BJY.0veKxI7suuj0KW1ER.p8btpToQLwfNnq4T4kfHZ0OkV1lWBm2', 'user', 'active', 'undefined', '2024-01-11 07:17:55'),
(5, '4c42fbce-9644-5ce1-93c9-a05d2c11e07c', 'Tester', 'test@yahoo.com', '99555555', '$2b$08$j68LvgP8zrufop1BSxM3Pel.w1WNoISnSmEnh/QoQPesg4Uu/SL8i', 'user', 'active', 'undefined', '2024-01-11 08:02:06'),
(6, '9eeca79c-4718-52ba-bc98-e4a31a2e870c', 'Batsaikhan', 'batsaikhan_u@yahoo.com', '92110000', '$2b$08$4Okxo/KqgQsWPnqYISZbFuBd74SofxuvJsDwgpFvThsAmpWmWH7SS', 'user', 'active', 'undefined', '2024-01-12 03:52:17'),
(7, '19805f7b-2306-5411-8098-d5d2baff80dc', 'Lkhagva', 'temujin@webmails.com', '99177382', '$2b$08$3r/yG4jQmoA9lltJ.a8RMeaZEWSIreTgD7LHO9X1bF62GdJR47Swe', 'user', 'active', 'undefined', '2024-01-12 08:36:09'),
(8, 'b6955daa-69e1-5a06-8710-392a46228e73', 'Sodoo', 'sodddd@mail.com', '9999999', '$2b$08$tj8D7lGVz8vUj0s0ixdPV.Z8DM03L68jI7m46ioPqIJXFPQTVdM2C', 'user', 'active', 'undefined', '2024-01-15 02:40:58'),
(9, '64c6c335-35de-5a43-ad88-3fd5ad564808', 'hangal', 'hangal@yahoo.com', '99887766', '$2b$08$E7v2mRzCsTZpbhQ33BiquOmrifNnGbRsIxgPPFUd6j9WLf67gd/1u', 'user', 'active', 'undefined', '2024-01-16 09:20:09'),
(10, '3f1e72e9-088e-5f00-ac70-621b54b0c66e', 'anir', 'anir@gmail.com', '99333333', '$2b$08$olES.R4LcJEnavmSGSaUdu8VkkZh5HjvVRIgu2pKVNPpADcnAt.Ii', 'user', 'active', 'undefined', '2024-01-16 09:23:09');


INSERT INTO `avatar` (`id`, `avatar_link`, `isAvatarSet`, `userId`) VALUES
(1, '2b08Nq8LlxHDFl1lKM0tJfqeLOih3g1I8CxD2u6hx53k2xrxQ9pEkK', 1, 1),
(2, '2b08Nq8LlxHDFl1lKM0tJfqeLO1TVAOJLovmkg0L451zQUwdbRxJD6', 1, 2),
(3, '2b08Nq8LlxHDFl1lKM0tJfqeLOFkjcR9fMyHKci4nk7dlwyaGjCZxrYyG', 1, 3),
(4, '2b08Nq8LlxHDFl1lKM0tJfqeLO1TVAOJLovmkg0L451zQUwdbRxJD6', 1, 4),
(5, '2b08Nq8LlxHDFl1lKM0tJfqeLOfqfmDECFJ10zlR7P5yEMDtoGPMBqeG', 1, 5),
(6, '2b08Nq8LlxHDFl1lKM0tJfqeLOXUp0OXRfTZcoBV2bnGxsQaKw2f9MqK', 1, 6),
(7, '2b08Nq8LlxHDFl1lKM0tJfqeLOuUoNPJomyGAwfJhwNwHdEhN0dOqE90m', 1, 7),
(8, '2b08Nq8LlxHDFl1lKM0tJfqeLOvfwwT6lbm09alrczeuBqOSDOx5wLK', 1, 8),
(9, '2b08Nq8LlxHDFl1lKM0tJfqeLOvfwwT6lbm09alrczeuBqOSDOx5wLK', 1, 9),
(10, '2b08Nq8LlxHDFl1lKM0tJfqeLOe1jh9y0FYHcbvz4JMRFhdu10v9BmMS', 1, 10),
(11, '2b08Nq8LlxHDFl1lKM0tJfqeLOvfwwT6lbm09alrczeuBqOSDOx5wLK', 1, 11),
(12, 'no-link', 0, 12);

INSERT INTO `channel` (`id`, `name`, `dm`, `createdAt`, `updatedAt`) VALUES
(2, 'private', 1, '2024-01-19 10:23:45', '2024-01-19 10:23:45'),
(11, 'ssss', 0, '2024-01-22 03:41:31', '2024-01-22 03:41:31'),
(12, 'bbbbbbbbbb', 0, '2024-01-22 08:35:06', '2024-01-22 08:35:06'),
(13, 'private', 1, '2024-01-22 08:56:09', '2024-01-22 08:56:09'),
(14, 'private', 1, '2024-01-22 08:56:30', '2024-01-22 08:56:30'),
(15, 'private', 1, '2024-01-22 08:57:16', '2024-01-22 08:57:16'),
(16, 'private', 1, '2024-01-22 08:57:18', '2024-01-22 08:57:18'),
(17, 'private', 1, '2024-01-22 08:58:11', '2024-01-22 08:58:11'),
(18, 'private', 1, '2024-01-22 08:58:15', '2024-01-22 08:58:15'),
(19, 'private', 1, '2024-01-22 09:03:26', '2024-01-22 09:03:26'),
(20, 'private', 1, '2024-01-22 09:03:27', '2024-01-22 09:03:27'),
(21, 'private', 1, '2024-01-22 09:03:28', '2024-01-22 09:03:28'),
(22, 'Ro-07', 0, '2024-01-23 01:55:46', '2024-01-23 01:55:46'),
(23, 'УШТА', 0, '2024-01-23 03:27:54', '2024-01-23 03:27:54'),
(24, 'private', 1, '2024-01-23 03:53:47', '2024-01-23 03:53:47'),
(25, 'private', 1, '2024-01-23 04:22:35', '2024-01-23 04:22:35'),
(26, 'private', 1, '2024-01-23 04:22:36', '2024-01-23 04:22:36');

INSERT INTO `friend` (`id`, `isFriend`, `createdAt`, `updatedAt`, `userId`, `friendId`) VALUES
(1, 1, '2024-01-19 09:45:34', '2024-01-19 10:23:45', 1, 2),
(2, 1, '2024-01-22 03:38:01', '2024-01-22 09:03:26', 1, 3),
(3, 1, '2024-01-22 08:55:53', '2024-01-22 08:57:16', 1, 8),
(4, 1, '2024-01-22 08:55:54', '2024-01-22 09:03:27', 6, 3),
(5, 1, '2024-01-22 08:56:01', '2024-01-22 08:56:09', 6, 1),
(6, 1, '2024-01-22 08:56:05', '2024-01-22 08:56:30', 6, 4),
(7, 1, '2024-01-22 08:56:12', '2024-01-22 08:58:15', 4, 1),
(8, 1, '2024-01-22 08:56:12', '2024-01-22 08:57:18', 6, 8),
(9, 1, '2024-01-22 08:56:54', '2024-01-22 09:03:28', 8, 3),
(10, 1, '2024-01-22 08:57:30', '2024-01-22 08:58:11', 8, 4),
(11, 1, '2024-01-23 01:54:53', '2024-01-23 03:53:46', 11, 1),
(12, 1, '2024-01-23 01:54:58', '2024-01-23 04:22:36', 11, 4),
(13, 0, '2024-01-23 01:55:02', '2024-01-23 01:55:02', 11, 8),
(14, 1, '2024-01-23 03:28:48', '2024-01-23 04:22:35', 3, 4),
(15, 0, '2024-01-23 03:28:56', '2024-01-23 03:28:56', 3, 7),
(16, 0, '2024-01-23 03:52:24', '2024-01-23 03:52:24', 3, 12),
(17, 0, '2024-01-23 03:54:12', '2024-01-23 03:54:12', 1, 12);



INSERT INTO `group` (`id`, `name`, `createdAt`, `updatedAt`, `channelId`) VALUES
(2, 'private', '2024-01-19 10:23:45', '2024-01-19 10:23:45', 2),
(11, 'ssss', '2024-01-22 03:41:31', '2024-01-22 03:41:31', 11),
(12, 'bbbbbbbbbb', '2024-01-22 08:35:06', '2024-01-22 08:35:06', 12),
(13, 'private', '2024-01-22 08:56:09', '2024-01-22 08:56:09', 13),
(14, 'private', '2024-01-22 08:56:30', '2024-01-22 08:56:30', 14),
(15, 'private', '2024-01-22 08:57:16', '2024-01-22 08:57:16', 15),
(16, 'private', '2024-01-22 08:57:18', '2024-01-22 08:57:18', 16),
(17, 'private', '2024-01-22 08:58:11', '2024-01-22 08:58:11', 17),
(18, 'private', '2024-01-22 08:58:15', '2024-01-22 08:58:15', 18),
(19, 'private', '2024-01-22 09:03:26', '2024-01-22 09:03:26', 19),
(20, 'private', '2024-01-22 09:03:27', '2024-01-22 09:03:27', 20),
(21, 'private', '2024-01-22 09:03:28', '2024-01-22 09:03:28', 21),
(22, 'Ro-07', '2024-01-23 01:55:46', '2024-01-23 01:55:46', 22),
(23, 'УШТА', '2024-01-23 03:27:54', '2024-01-23 03:27:54', 23),
(24, 'private', '2024-01-23 03:53:47', '2024-01-23 03:53:47', 24),
(25, 'private', '2024-01-23 04:22:35', '2024-01-23 04:22:35', 25),
(26, 'private', '2024-01-23 04:22:36', '2024-01-23 04:22:36', 26);

INSERT INTO `member` (`id`, `isAdmin`, `createdAt`, `updatedAt`, `groupId`, `userId`) VALUES
(1, 1, '2024-01-19 10:23:45', '2024-01-19 10:23:45', 2, 2),
(2, 1, '2024-01-19 10:23:45', '2024-01-19 10:23:45', 2, 1),
(3, 1, '2024-01-22 03:41:31', '2024-01-22 03:41:31', 11, 1),
(4, 1, '2024-01-22 08:35:06', '2024-01-22 08:35:06', 12, 1),
(5, 1, '2024-01-22 08:56:09', '2024-01-22 08:56:09', 13, 1),
(6, 1, '2024-01-22 08:56:09', '2024-01-22 08:56:09', 13, 6),
(7, 1, '2024-01-22 08:56:30', '2024-01-22 08:56:30', 14, 4),
(8, 1, '2024-01-22 08:56:30', '2024-01-22 08:56:30', 14, 6),
(9, 0, '2024-01-22 08:57:06', '2024-01-22 08:57:06', 11, 6),
(10, 1, '2024-01-22 08:57:16', '2024-01-22 08:57:16', 15, 8),
(11, 1, '2024-01-22 08:57:16', '2024-01-22 08:57:16', 15, 1),
(12, 1, '2024-01-22 08:57:18', '2024-01-22 08:57:18', 16, 8),
(13, 1, '2024-01-22 08:57:18', '2024-01-22 08:57:18', 16, 6),
(14, 0, '2024-01-22 08:58:04', '2024-01-22 08:58:04', 11, 2),
(15, 1, '2024-01-22 08:58:11', '2024-01-22 08:58:11', 17, 4),
(16, 1, '2024-01-22 08:58:11', '2024-01-22 08:58:11', 17, 8),
(17, 1, '2024-01-22 08:58:15', '2024-01-22 08:58:15', 18, 1),
(18, 1, '2024-01-22 08:58:15', '2024-01-22 08:58:15', 18, 4),
(19, 0, '2024-01-22 08:58:42', '2024-01-22 08:58:42', 11, 4),
(20, 1, '2024-01-22 09:03:26', '2024-01-22 09:03:26', 19, 3),
(21, 1, '2024-01-22 09:03:26', '2024-01-22 09:03:26', 19, 1),
(22, 1, '2024-01-22 09:03:27', '2024-01-22 09:03:27', 20, 3),
(23, 1, '2024-01-22 09:03:27', '2024-01-22 09:03:27', 20, 6),
(24, 1, '2024-01-22 09:03:28', '2024-01-22 09:03:28', 21, 3),
(25, 1, '2024-01-22 09:03:28', '2024-01-22 09:03:28', 21, 8),
(26, 0, '2024-01-22 09:04:32', '2024-01-22 09:04:32', 11, 3),
(27, 1, '2024-01-23 01:55:46', '2024-01-23 01:55:46', 22, 11),
(28, 1, '2024-01-23 03:27:54', '2024-01-23 03:27:54', 23, 3),
(29, 0, '2024-01-23 03:28:04', '2024-01-23 03:28:04', 23, 1),
(30, 0, '2024-01-23 03:28:07', '2024-01-23 03:28:07', 23, 8),
(31, 0, '2024-01-23 03:28:11', '2024-01-23 03:28:11', 23, 6),
(32, 1, '2024-01-23 03:53:47', '2024-01-23 03:53:47', 24, 1),
(33, 1, '2024-01-23 03:53:47', '2024-01-23 03:53:47', 24, 11),
(34, 1, '2024-01-23 04:22:35', '2024-01-23 04:22:35', 25, 4),
(35, 1, '2024-01-23 04:22:35', '2024-01-23 04:22:35', 25, 3),
(36, 1, '2024-01-23 04:22:36', '2024-01-23 04:22:36', 26, 4),
(37, 1, '2024-01-23 04:22:36', '2024-01-23 04:22:36', 26, 11),
(38, 0, '2024-01-23 04:22:40', '2024-01-23 04:22:40', 23, 4);